Use My_School;
/*

INSERT INTO Students(ssn,school_name ,school_Level,student_username,student_name , gender ,birthdate,student_password)
VALUES (1813256,'CIC','high','soso','Samy','male','1994-4-1','123456');
INSERT INTO Students(ssn,school_name ,school_Level,student_username,student_name , gender ,birthdate,student_password)
VALUES (1813552,'CIC','high','lolo','ALy','male','1994-5-1','123456');
INSERT INTO Students(ssn,school_name ,school_Level,student_username,student_name , gender ,birthdate,student_password)
VALUES (1813267 ,'CIC','high','jojo','Jana','female','1994-6-1','123456');
INSERT INTO Students(ssn,school_name ,school_Level,student_username,student_name , gender ,birthdate,student_password)
VALUES (1813259,'CIC','high','koko','Kamal','male','1994-7-1','123456');

INSERT INTO Students(ssn,school_name ,school_Level,student_username,student_name , gender ,birthdate,student_password)
VALUES (1813255,'MSE','middle','CRSplitter','Megz','male','1996-4-1','123456');
INSERT INTO Students(ssn,school_name ,school_Level,student_username,student_name , gender ,birthdate,student_password)
VALUES (1813555,'MSE','middle','soso','Karl','male','1996-5-1','123456');
INSERT INTO Students(ssn,school_name ,school_Level,student_username,student_name , gender ,birthdate,student_password)
VALUES (181323 ,'MSE','middle','toto','seisa','male','1996-6-1','123456');
INSERT INTO Students(ssn,school_name ,school_Level,student_username,student_name , gender ,birthdate,student_password)
VALUES (1813256,'MSE','middle','hegzo','hegazy','male','1996-7-1','123456');

INSERT INTO Students(ssn,school_name ,school_Level,student_username,student_name , gender ,birthdate,student_password)
VALUES (1813256,'AELS','Elementary','soso','Samya','male','2010-4-1','123456');
INSERT INTO Students(ssn,school_name ,school_Level,student_username,student_name , gender ,birthdate,student_password)
VALUES (1813552,'AELS','Elementary','lolo','ALya','male','2010-5-1','123456');
INSERT INTO Students(ssn,school_name ,school_Level,student_username,student_name , gender ,birthdate,student_password)
VALUES (1813267 ,'AELS','Elementary','Rana.a','Rana','female','2010-6-1','123456');
INSERT INTO Students(ssn,school_name ,school_Level,student_username,student_name , gender ,birthdate,student_password)
VALUES (1813259,'AELS','Elementary','Ghada.s','Ghada','female','2010-7-1','123456');

INSERT INTO Employee VALUES ('balabizo','Slim','Abdennadher','123456','kattameya residency','slim@gmail.com','male','1966-5-7',1542,3000,'MSE','middle');



INSERT INTO Teacher VALUES ('balabizo',20,'balabizo');


INSERT INTO Level VALUES ('second');


INSERT INTO Course VALUES (101,'CSEN','balabizo','CS course','second',80);
INSERT INTO Course VALUES (102,'CSEN','balabizo','CS course','second',80);
INSERT INTO Course VALUES (103,'CSEN11','balabizo','CS course','second',87);
INSERT INTO Course VALUES (104,'CSEN22','balabizo','CS course','second',60);

*/

INSERT INTO Schools VALUES ('MSE','Elementary','mse@gmail.com','great school','to have good students','to improve education',5520,'international','english','rehab');
INSERT INTO Schools VALUES ('MSE','middle','mse@gmail.com','great school','to have good students','to improve education',5520,'international','english','rehab');
INSERT INTO Schools VALUES ('MSE','high','mse@gmail.com','great school','to have good students','to improve education',5520,'international','english','rehab');
INSERT INTO SchooL_Phone_Numbers VALUES ('MSE','Elementary',01019266229);
INSERT INTO SchooL_Phone_Numbers VALUES ('MSE','Elementary',01144781706);
INSERT INTO SchooL_Phone_Numbers VALUES ('MSE','Elementary',01419266223);
INSERT INTO SchooL_Phone_Numbers VALUES ('MSE','middle',01019266229);
INSERT INTO SchooL_Phone_Numbers VALUES ('MSE','middle',01144781706);
INSERT INTO SchooL_Phone_Numbers VALUES ('MSE','middle',01419266223);
INSERT INTO SchooL_Phone_Numbers VALUES ('MSE','high',01019266229);
INSERT INTO SchooL_Phone_Numbers VALUES ('MSE','high',01144781706);
INSERT INTO SchooL_Phone_Numbers VALUES ('MSE','high',01419266223);


INSERT INTO schools values ('CIC','Elementary','CIC@gmail.com','Amazing school','to raise the awareness of the students','to improve education proccess',10000,'international','english','5th district');
INSERT INTO schools values ('CIC','middle','CIC@gmail.com','Amazing school','to raise the awareness of the students','to improve education proccess',10000,'international','english','5th district');
INSERT INTO SchooL_Phone_Numbers VALUES ('CIC','Elementary',01019266222);
INSERT INTO SchooL_Phone_Numbers VALUES ('CIC','Elementary',01144781703);
INSERT INTO SchooL_Phone_Numbers VALUES ('CIC','Elementary',01419266224);
INSERT INTO SchooL_Phone_Numbers VALUES ('CIC','middle',01019266222);
INSERT INTO SchooL_Phone_Numbers VALUES ('CIC','middle',01144781703);
INSERT INTO SchooL_Phone_Numbers VALUES ('CIC','middle',01419266224);

INSERT INTO schools values ('AELS','Elementary','AELS@gmail.com','Wonerful school','to make smart students','to improve language skills ',2000,'National','english','Nasr city');
INSERT INTO SchooL_Phone_Numbers VALUES ('AELS','Elementary',01919266222);
INSERT INTO SchooL_Phone_Numbers VALUES ('AELS','Elementary',01844781703);
INSERT INTO SchooL_Phone_Numbers VALUES ('AELS','Elementary',01719266224);

INSERT INTO schools values ('Delta','Elementary','Delta@gmail.com','the best school',' inviting students to share in its development',' to provide students with a foundation in basic skills',30000,'international','english','Mansoura');
INSERT INTO schools values ('Delta','middle','Delta@gmail.com','the best school','inviting students to share in its development',' to provide students with a foundation in basic skills',30000,'international','english','Mansoura');
INSERT INTO schools values ('Delta','high ','Delta@gmail.com','the best school','inviting students to share in its development',' to provide students with a foundation in basic skills',30000,'international','english','Mansoura');
INSERT INTO SchooL_Phone_Numbers VALUES ('Delta','Elementary',01519266222);
INSERT INTO SchooL_Phone_Numbers VALUES ('Delta','Elementary',01944781703);
INSERT INTO SchooL_Phone_Numbers VALUES ('Delta','Elementary',01419266224);
INSERT INTO SchooL_Phone_Numbers VALUES ('Delta','middle',01519266222);
INSERT INTO SchooL_Phone_Numbers VALUES ('Delta','middle',01944781703);
INSERT INTO SchooL_Phone_Numbers VALUES ('Delta','middle',01419266224);
INSERT INTO SchooL_Phone_Numbers VALUES ('Delta','high',01519266222);
INSERT INTO SchooL_Phone_Numbers VALUES ('Delta','high',01944781703);
INSERT INTO SchooL_Phone_Numbers VALUES ('Delta','high',01419266224);


INSERT INTO Employees VALUES ('slim11','Slim','Abdennadher','123456','kattameya residency','slim@gmail.com','male','1966-12-7',1542,5000,'MSE','middle');
INSERT INTO Employees VALUES ('haytham11','Haytham','Ismail','1234556','rehab','haytham@gmail.com','male','1966-5-7',1542,3000,'AELS','elementary');
INSERT INTO Employees VALUES ('amr11','Amr','Elmougy','1234567','6 october','amr@gmail.com','male','1966-5-7',1542,5000,'MSE','middle');
INSERT INTO Employees VALUES ('salem11','Salem','Ali','12345611','kattameya heights','salem184@gmail.com','male','1970-3-7',1542,5000,'CIC','middle');
INSERT INTO Employees VALUES ('wael11','Wael','Aboelsadaat','12233456','Mountain View','wael@gmail.com','male','1977-5-7',1542,5000,'MSE','high');
INSERT INTO Employees VALUES ('mahdy11','Mohammed','Mahdy','12345346','Arabella','mahdy@gmail.com','male','1966-5-11',1542,3000,'AELS','elementary');
INSERT INTO Employees VALUES ('rasha11','Rasha','Ibrahim','12345689','Nasr City','Rasha@gmail.com','female','1988-5-7',1542,5000,'MSE','middle');
INSERT INTO Employees VALUES ('alaa11','Alaa','abdullatif','123456000','Madinty','alaa@gmail.com','male','1960-5-7',1542,5000,'MSE','high');


INSERT INTO Employees VALUES ('galal22','Galal','Elfar','123456000','Mansoura','Elfar@gmail.com','male','1940-5-7',1542,5000,'Delta','Middle');
INSERT INTO Employees VALUES ('wafik22','Mohamed','Wafik','123456000','Mansoura','Wafik@gmail.com','male','1980-9-7',1542,5000,'Delta','Middle');
#teachers
INSERT INTO Employees VALUES ('Heba22','Heba','Wael','123456000','Mansoura','Heba45@gmail.com','female','1983-9-7',1542,5000,'Delta','Middle');
INSERT INTO Employees VALUES ('salma22','Salma','Wagdy','123456000','Mansoura','SalmaW@gmail.com','female','1982-9-7',1542,5000,'Delta','Middle');
INSERT INTO Employees VALUES ('salem34','Salem','ElGarhy','123456000','Mansoura','Elgarhy@gmail.com','male','1984-9-7',1542,5000,'Delta','Middle');


INSERT INTO Employees VALUES ('zain22','Mohamed','Zain','123456000','Mansoura','Zain@gmail.com','male','1960-5-7',1542,5000,'Delta','high');
INSERT INTO Employees VALUES ('moustafa22','Hossam','Mostafa','123456000','Mansoura','hossam22@gmail.com','male','1970-5-7',1542,5000,'Delta','high');
#teachers
INSERT INTO Employees VALUES ('Radwa22','Radwa','Ahmed','123456000','Mansoura','Radwa34@gmail.com','female','1986-9-7',1542,5000,'Delta','high');
INSERT INTO Employees VALUES ('Maged22','Mohamed','Maged','123456000','Mansoura','Maged34@gmail.com','male','1989-9-7',1542,5000,'Delta','high');
INSERT INTO Employees VALUES ('Nardine34','Nardine','Elsallab','123456000','Mansoura','Elsallab34@gmail.com','female','1981-10-7',1542,5000,'Delta','high');
INSERT INTO Employees VALUES ('gohar','Islam','Gohar','123456000','Mansoura','gohar@gmail.com','male','1980-5-7',1542,5000,'Delta','high');


INSERT INTO Employees VALUES ('Mansy22','Mohamed','Mansy','123456000','Mansoura','Mansy34@gmail.com','male','1984-4-7',1542,5000,'Delta','Elementary');
INSERT INTO Employees VALUES ('Gamal234','Aly','Gamal','123456000','Mansoura','Ali_Gamal@gmail.com','male','1956-5-7',1542,5000,'Delta','Elementary');
#teachers
INSERT INTO Employees VALUES ('Rodaina45','Rodina','Elsayed','123456000','Mansoura','Rodaina56@gmail.com','female','1988-9-7',1542,5000,'Delta','Elementary');
INSERT INTO Employees VALUES ('Seso34','Saeed','Kabash','123456000','Mansoura','Kabash@gmail.com','male','1990-9-7',1542,5000,'Delta','Elementary');
INSERT INTO Employees VALUES ('Kandil','Amr','Kandil','123456000','Mansoura','Kandil45@gmail.com','male','1981-12-7',1542,5000,'Delta','Elementary');



INSERT INTO Administrators VALUES ('slim11');
INSERT INTO Administrators VALUES ('haytham11');
INSERT INTO Administrators VALUES ('alaa11');
INSERT INTO Administrators VALUES ('galal22');
INSERT INTO Administrators VALUES ('wafik22');
INSERT INTO Administrators VALUES ('zain22');
INSERT INTO Administrators VALUES ('moustafa22');
INSERT INTO Administrators VALUES ('Mansy22');
INSERT INTO Administrators VALUES ('Gamal234');






INSERT INTO Teachers (username,years_of_experience)
VALUES ('slim11',20);
INSERT INTO Teachers (username,years_of_experience)
VALUES ('haytham11',22);
INSERT INTO Teachers (username,years_of_experience)
VALUES ('alaa11',15);

INSERT INTO Teachers (username,years_of_experience)
VALUES ('Heba22',5);
INSERT INTO Teachers (username,years_of_experience)
VALUES ('salma22',7);
INSERT INTO Teachers (username,years_of_experience)
VALUES ('salem34',22);

INSERT INTO Teachers (username,years_of_experience)
VALUES ('Radwa22',15);
INSERT INTO Teachers (username,years_of_experience)
VALUES ('Maged22',16);
INSERT INTO Teachers (username,years_of_experience)
VALUES ('Nardine34',3);
INSERT INTO Teachers (username,years_of_experience)
VALUES ('gohar',11);

INSERT INTO Teachers (username,years_of_experience)
VALUES ('Rodaina45',20);
INSERT INTO Teachers (username,years_of_experience)
VALUES ('Seso34',20);
INSERT INTO Teachers (username,years_of_experience)
VALUES ('Kandil',20);



INSERT INTO Parents VALUES ('magdy11','Magdy','elgabri','rehab','magdy@gmail.com','11332255',4716745);
INSERT INTO Parents VALUES ('gamal11','Gamal','ahmed','rehab','gamalzz@gmail.com','11332',3344124);
INSERT INTO Parents VALUES ('shokry11','Shokry','mahmoud','Dokki','shokry@gmail.com','134855',4466745);
INSERT INTO Parents VALUES ('khalid11','Khalid','elgabri','Maadi','khalid@gmail.com','1002255',0016745);
INSERT INTO Parents VALUES ('ibrahim11','Ibrahim','essam','Zamalek','ibrahim@gmail.com','332255',4083245);
INSERT INTO Parents VALUES ('mansour11','Ali','Mansour','Sheikh Zayed','mansour@gmail.com','90932255',11113333);
INSERT INTO Parents VALUES ('yasser11','Ahmed','Yasser','Nasr City','yasser@gmail.com','11534ss',47145345);
INSERT INTO Parents VALUES ('soliman11','Ali','Soliman','mokattam','soliman@gmail.com','11332255ma',4999945);
INSERT INTO Parents VALUES ('maher11','Ehab','Maher','Zamalek','maher@gmail.com','33256255',47133120);
INSERT INTO Parents VALUES ('mario11','Mario','emad','Sheikh Zayed','mario@gmail.com','90932255',40000132);
INSERT INTO Parents VALUES ('ghada11','Ghada','Ibrahim','Nasr City','ghada@gmail.com','11534ss',77738821);
INSERT INTO Parents VALUES ('mahmoud11','Mahmoud','Soliman','mokattam','mahmoud@gmail.com','11332255ma',471632312);




INSERT INTO Parent_Phone VALUES ('magdy11',1133442256);
INSERT INTO Parent_Phone VALUES ('gamal11',113377256);
INSERT INTO Parent_Phone VALUES ('shokry11',10042256);
INSERT INTO Parent_Phone VALUES ('khalid11',11399256);
INSERT INTO Parent_Phone VALUES ('ibrahim11',3322001);
INSERT INTO Parent_Phone VALUES ('mansour11',00112233);
INSERT INTO Parent_Phone VALUES ('yasser11',9876123);
INSERT INTO Parent_Phone VALUES ('soliman11',55664467);
INSERT INTO Parent_Phone VALUES ('maher11',5566789);
INSERT INTO Parent_Phone VALUES ('mario11',556637);
INSERT INTO Parent_Phone VALUES ('ghada11',556640117);
INSERT INTO Parent_Phone VALUES ('mahmoud11',509664467);



INSERT INTO Students(ssn,school_name ,school_Level,student_username,student_name , gender ,birthdate,student_password)
VALUES (1813256,'CIC','middle','soso','Samy','male','1994-4-1','123456');
INSERT INTO Students(ssn,school_name ,school_Level,student_username,student_name , gender ,birthdate,student_password)
VALUES (1813552,'CIC','middle','lolo','ALy','male','1994-5-1','123456');
INSERT INTO Students(ssn,school_name ,school_Level,student_username,student_name , gender ,birthdate,student_password)
VALUES (1813267 ,'MSE','high','jojo','Jana','female','1994-6-1','123456');
INSERT INTO Students(ssn,school_name ,school_Level,student_username,student_name , gender ,birthdate,student_password)
VALUES (1813259,'MSE','high','koko','Kamal','male','1994-7-1','123456');

INSERT INTO Students(ssn,school_name ,school_Level,student_username,student_name , gender ,birthdate,student_password)
VALUES (1813255,'MSE','middle','CRSplitter','Megz','male','1996-4-1','123456');
INSERT INTO Students(ssn,school_name ,school_Level,student_username,student_name , gender ,birthdate,student_password)
VALUES (1813555,'MSE','middle','soso','Karl','male','1996-5-1','123456');
INSERT INTO Students(ssn,school_name ,school_Level,student_username,student_name , gender ,birthdate,student_password)
VALUES (181323 ,'MSE','middle','toto','seisa','male','1996-6-1','123456');
INSERT INTO Students(ssn,school_name ,school_Level,student_username,student_name , gender ,birthdate,student_password)
VALUES (182325,'MSE','middle','hegzo','hegazy','male','1996-7-1','123456');
INSERT INTO Students(ssn,school_name ,school_Level,student_username,student_name , gender ,birthdate,student_password)
VALUES (1833256,'AELS','Elementary','soso','Samya','male','2010-4-1','123456');
INSERT INTO Students(ssn,school_name ,school_Level,student_username,student_name , gender ,birthdate,student_password)
VALUES (1843552,'AELS','Elementary','lolo','ALya','male','2010-5-1','123456');
INSERT INTO Students(ssn,school_name ,school_Level,student_username,student_name , gender ,birthdate,student_password)
VALUES (18233267 ,'AELS','Elementary','Rana.a','Rana','female','2010-6-1','123456');
INSERT INTO Students(ssn,school_name ,school_Level,student_username,student_name , gender ,birthdate,student_password)
VALUES (1893259,'AELS','Elementary','Ghada.s','Ghada','female','2010-7-1','123456');

#delta students


INSERT INTO Parents_Has_Students VALUES (1813256,'gamal11');
INSERT INTO Parents_Has_Students VALUES (1813552,'soliman11');
INSERT INTO Parents_Has_Students VALUES  (1813267, 'shokry11');
INSERT INTO Parents_Has_Students VALUES (1813259,'mansour11');
INSERT INTO Parents_Has_Students VALUES (1813255,'magdy11');
INSERT INTO Parents_Has_Students VALUES (1813555,'khalid11');
INSERT INTO Parents_Has_Students VALUES (181323,'yasser11');
INSERT INTO Parents_Has_Students VALUES (182325,'ibrahim11');
INSERT INTO Parents_Has_Students VALUES (1833256,'mario11');
INSERT INTO Parents_Has_Students VALUES (1843552,'maher11');
INSERT INTO Parents_Has_Students VALUES (18233267,'ghada11');
INSERT INTO Parents_Has_Students VALUES (1893259,'mahmoud11');




INSERT INTO Levels VALUES ('elementary');
INSERT INTO Levels VALUES ('middle');
INSERT INTO Levels VALUES ('high');




INSERT INTO Levels_Enrolled_Students VALUES (181323,'middle',1);
INSERT INTO Levels_Enrolled_Students VALUES (1813255,'middle',2);
INSERT INTO Levels_Enrolled_Students VALUES (1813256,'middle',3);
INSERT INTO Levels_Enrolled_Students VALUES (182325,'middle',2);
INSERT INTO Levels_Enrolled_Students VALUES (1833256,'elementary',6);
INSERT INTO Levels_Enrolled_Students VALUES (1813259,'high',2);
INSERT INTO Levels_Enrolled_Students VALUES (1893259,'elementary',4);
INSERT INTO Levels_Enrolled_Students VALUES (1813267,'high',1);
INSERT INTO Levels_Enrolled_Students VALUES (18233267,'elementary',4);
INSERT INTO Levels_Enrolled_Students VALUES (1813552,'high',1);
INSERT INTO Levels_Enrolled_Students VALUES (1843552,'elementary',3);
INSERT INTO Levels_Enrolled_Students VALUES (1813555,'middle',3);

#

INSERT INTO Courses VALUES (101,'CSEN','CS Course',3,'middle');
INSERT INTO Courses VALUES (202,'Math','CS Course',3,'high');
INSERT INTO Courses VALUES (401,'Databases','CS Course',5,'elementary');
INSERT INTO Courses VALUES (501,'Theory','CS Course',6,'elementary');
INSERT INTO Courses VALUES (601,'media','CS Course',3,'high');
INSERT INTO Courses VALUES (202,'SoftwareEngineering','CS Course',3,'high');
INSERT INTO Courses VALUES (102,'OperatingSystems','CS Course',2,'high');
INSERT INTO Courses VALUES (103,'AI','CS Course',1,'middle');


INSERT INTO Courses_prerequisite_Course VALUES (101,'CSEN',202,'Math');
INSERT INTO Courses_prerequisite_Course VALUES (401,'Databases', 202,'Math');
INSERT INTO Courses_prerequisite_Course VALUES (501,'Theory', 202,'Math');
INSERT INTO Courses_prerequisite_Course VALUES (601,'media' ,101,'CSEN');
INSERT INTO Courses_prerequisite_Course VALUES (103,'AI', 102,'OperatingSystems');
INSERT INTO Courses_prerequisite_Course VALUES (202,'SoftwareEngineering',101,'CSEN');

insert into Clubs Values ('MUN' ,'MSE' , 'high' , 'model for united nations');
insert into Clubs Values ('Music club' ,'MSE' , 'high' , 'musical');
insert into Clubs Values ('SAS club' ,'Delta' , 'high' , 'Automotive');
insert into Clubs Values ('Inspire club' ,'Delta' , 'high' , 'Sport');
insert into Clubs Values ('Business club' ,'Delta' , 'high' , 'Business');
insert into Clubs Values ('Cooking club' ,'Delta' , 'high' , 'Cook');


#insert into Parents_reviews_Schools Values ('AELS','Elementary', 'gamal11' , 'good school');
insert into Parents_reviews_Schools Values ('CIC', 'middle' ,'soliman11' , 'Big school' );
insert into Parents_reviews_Schools Values ('CIC','Elementary', 'mario11' , 'Amazing school' );
#insert into Parents_reviews_Schools Values ('Delta', 'Elementary', ); 
#insert into Parents_reviews_Schools Values ('Delta ',); 
#insert into Parents_reviews_Schools Values ('MSE', );
#insert into Parents_reviews_Schools Values ('MSE', );

insert into Courses_Teaches_Students_Teachers values ('alaa11' ,1813259, 102, 'OperatingSystems');


